username,id
jcolon,1
willie21,2
ileon,3
marc95,4
frobbins,5
lpowers,6
harriswillie,7
jennifersanchez,8
andersonkevin,9
boydrodney,10
seanlong,11
deborahward,12
hernandezronnie,13
harrisrachel,14
mosleymackenzie,15
ilewis,16
sthomas,17
zowens,18
michael63,19
matthew06,20
uchapman,21
solomonmichael,22
patrick91,23
omyers,24
robertsullivan,25
ulewis,26
krystalallen,27
julie65,28
lauramccoy,29
daniellewilson,30
fullerdavid,31
mking,32
gjones,33
bperkins,34
pagekathleen,35
kirksophia,36
rosehoffman,37
tracy09,38
courtneyhuang,39
gkline,40
emily06,41
kennedymichael,42
joshuapowers,43
lanebradley,44
iansullivan,45
lauren80,46
lisa70,47
samuelramirez,48
ryanpark,49
elizabeth65,50
