title,ISBN,author_id,publication_date,page_count
Partner listen art might thus leg.,508-4447-398-27,1,2022-04-05,163
Whether throw behind north data decision.,471-7159-744-60,1,1983-02-06,578
Only including fear value remember.,187-1629-496-57,1,1992-10-11,208
How than card three more.,699-8829-752-21,4,1980-03-04,535
Entire site summer go say.,729-8571-663-68,4,1989-05-25,472
Order agree increase subject.,817-8281-994-51,4,2002-03-22,975
Successful public statement high.,145-6770-826-45,2,1975-04-12,430
Owner study environment read reach fall.,185-6355-717-19,6,1980-05-05,835
True he three.,205-6956-835-27,9,2019-10-22,527
Find vote cultural leave.,803-2031-469-91,7,2008-09-08,530
Daughter father these friend very evidence.,530-1329-313-77,9,1988-06-14,730
Radio protect evidence rule music level.,971-8529-158-54,8,1991-11-04,689
Too age leg could.,830-7551-364-23,8,2013-01-02,963
Much matter thus.,659-1760-619-67,3,1990-09-02,983
Dog worker break.,554-9573-354-12,13,1979-04-16,497
Respond course front wonder.,598-4421-582-63,3,1994-10-06,206
Republican court seek particularly join street.,470-4438-556-43,2,1995-06-19,433
Speech fast people color.,553-9283-198-80,12,1989-11-19,976
Rather place study.,148-2884-181-87,16,1995-10-23,721
Necessary current best or.,388-2245-516-36,12,2000-06-13,147
Area argue cold unit beat share.,950-5493-192-74,13,1995-03-01,814
Dark choice choose lay public.,275-9051-796-21,22,2013-02-13,313
Of us answer I lay.,366-5665-336-22,6,1972-12-25,398
Far trade cultural fine easy than.,480-2130-883-31,6,1997-12-27,301
Campaign small citizen tax know statement.,322-8428-467-43,17,1973-07-09,519
Follow receive woman five.,386-4088-833-83,19,2010-06-03,288
Find a offer painting.,942-7186-466-21,13,2006-12-27,631
Call pressure side affect hotel bill.,401-4492-272-92,5,2015-10-22,306
Top compare past model toward.,162-2656-893-10,28,1999-09-28,304
Work official note you.,440-1551-490-18,28,2012-07-14,750
Send education process us Mrs.,389-8362-249-29,10,1989-01-26,614
Doctor technology Democrat girl.,962-8665-147-21,31,1973-10-11,259
Sea including others.,474-1854-535-16,16,1970-05-24,703
Summer message wear happen far.,766-6737-379-60,19,2020-04-03,539
Represent each economic once.,287-9169-777-33,7,2002-11-09,108
Thought explain try admit.,521-8356-660-79,35,1992-05-13,938
Nature suddenly appear write part short.,643-7122-272-96,18,2022-12-30,790
His successful budget animal research.,716-6679-420-23,18,1981-06-02,518
No case pretty Congress whose.,143-9896-976-20,26,1988-12-17,340
Data both sign.,301-2126-363-33,25,2005-10-14,227
There cause common.,743-1245-677-37,11,2018-07-05,327
Yourself never drug practice discussion want.,213-8727-163-10,2,2004-05-12,855
Because become outside dark.,148-4809-535-58,22,1971-06-24,501
Car would much water arrive young.,530-3245-849-99,43,1998-01-24,590
Example store suffer nor writer.,160-7605-722-10,19,2002-05-04,907
Poor born determine now.,343-5257-502-99,6,1986-12-31,588
North year wife night.,251-3592-408-40,9,1999-05-27,579
Anyone outside wrong on former woman.,386-9776-486-69,39,2000-09-20,923
Off nor when beyond.,896-5993-921-39,2,2009-10-26,536
Point performance opportunity my it develop.,606-6297-685-41,3,1986-09-11,719
Skin member page describe.,674-6746-472-79,9,1989-05-12,370
Amount thank religious yard table community.,433-3740-268-11,32,1994-09-09,602
System unit front office he.,806-7120-244-51,37,1988-01-27,482
Hear reason help past production.,391-3690-593-17,12,1989-01-28,260
His or side thousand listen.,942-4290-916-69,9,1984-10-24,306
Share movement so space site response.,399-1590-571-38,32,2007-08-26,276
Imagine behavior find something take pull.,535-4213-461-75,22,1979-12-31,796
Situation after raise reveal.,486-2977-638-89,32,2012-08-03,165
Able suggest top.,929-9032-928-39,29,1972-04-01,902
Research goal serious.,721-8767-354-99,17,2021-11-15,361
Picture try one growth away eye.,507-3741-448-34,44,2007-09-24,799
Including effect figure necessary back focus.,709-7501-140-82,1,1973-11-08,752
Hold table paper green.,702-1053-709-45,45,1971-05-05,940
Bar lot computer no.,521-1563-733-75,13,1991-07-02,896
Two site group shake discover.,962-1063-425-15,27,1974-01-28,144
Civil take easy now staff amount.,853-2075-765-98,19,1999-12-11,855
See them as grow.,322-6834-938-13,35,1987-08-23,673
Account kind back suddenly effort same.,427-6562-986-88,20,1974-11-23,408
Something force exist.,606-4380-218-93,19,1996-08-07,224
Public challenge almost bed.,962-8351-911-13,48,2001-03-29,411
Wind lose push laugh.,721-2239-895-80,29,2022-05-29,197
I person want.,642-7643-636-41,22,2015-01-17,508
Resource least rock sense consumer.,433-1672-428-46,41,2003-11-18,833
Soldier lay lead pressure black imagine.,795-7880-735-63,49,1971-07-21,865
Which successful four gun ready.,273-4016-557-40,24,1972-04-04,582
Traditional strategy worker keep.,466-3227-125-48,2,2020-12-06,384
West would use.,907-2177-960-17,8,1986-08-22,711
Grow prevent recent easy.,674-1455-776-39,11,1979-01-11,234
Capital build prevent any carry paper.,814-7433-560-50,40,1972-02-19,646
Occur course child yet become respond serious.,603-6022-312-62,27,2008-04-05,255
Several realize significant main blood street.,952-4676-662-17,1,2018-03-20,875
Money painting collection argue just.,104-3764-924-49,27,1978-09-22,635
Early reflect fill sister.,155-3866-532-17,11,2013-10-13,392
Tell list mouth wait PM information.,980-3266-849-59,44,1999-02-22,493
System seven case.,113-9096-921-58,21,2019-05-16,853
Peace place even share.,181-4049-756-69,4,1997-01-12,924
Military campaign woman PM song him.,433-3210-343-30,36,2009-12-01,102
Truth structure either owner worry.,960-3411-815-83,18,1984-01-04,854
End tough partner us.,296-9431-659-31,46,2015-03-13,584
Oil force usually though.,906-8860-314-74,5,1979-02-13,100
You value father simple.,576-2165-890-34,3,2009-03-01,461
Evening person writer reflect.,284-7580-722-77,28,2022-04-06,659
Mother budget interview however.,887-1141-991-39,28,2006-09-26,892
Similar game myself oil.,991-6080-270-26,43,2013-11-03,534
That day positive.,294-8769-921-64,26,1995-02-20,391
Price state wait.,627-3478-773-71,28,1993-07-09,117
Couple door dinner suddenly recent finish.,729-6472-587-81,48,2009-07-29,142
Bed be beat beautiful cold last.,545-3619-539-28,37,1976-08-15,291
Owner around blood after.,763-8956-358-78,20,1998-02-17,826
Majority human despite.,385-1620-912-39,5,1974-11-05,142
